-- MySQL dump 10.13  Distrib 8.0.38, for Win64 (x86_64)
--
-- Host: 127.0.0.1    Database: moveis_db
-- ------------------------------------------------------
-- Server version	8.0.39

/*!40101 SET @OLD_CHARACTER_SET_CLIENT=@@CHARACTER_SET_CLIENT */;
/*!40101 SET @OLD_CHARACTER_SET_RESULTS=@@CHARACTER_SET_RESULTS */;
/*!40101 SET @OLD_COLLATION_CONNECTION=@@COLLATION_CONNECTION */;
/*!50503 SET NAMES utf8 */;
/*!40103 SET @OLD_TIME_ZONE=@@TIME_ZONE */;
/*!40103 SET TIME_ZONE='+00:00' */;
/*!40014 SET @OLD_UNIQUE_CHECKS=@@UNIQUE_CHECKS, UNIQUE_CHECKS=0 */;
/*!40014 SET @OLD_FOREIGN_KEY_CHECKS=@@FOREIGN_KEY_CHECKS, FOREIGN_KEY_CHECKS=0 */;
/*!40101 SET @OLD_SQL_MODE=@@SQL_MODE, SQL_MODE='NO_AUTO_VALUE_ON_ZERO' */;
/*!40111 SET @OLD_SQL_NOTES=@@SQL_NOTES, SQL_NOTES=0 */;

--
-- Table structure for table `calculo_frete`
--

DROP TABLE IF EXISTS `calculo_frete`;
/*!40101 SET @saved_cs_client     = @@character_set_client */;
/*!50503 SET character_set_client = utf8mb4 */;
CREATE TABLE `calculo_frete` (
  `id` int NOT NULL AUTO_INCREMENT,
  `id_pedido` int NOT NULL,
  `cep_origem` varchar(10) DEFAULT NULL,
  `cep_destino` varchar(10) DEFAULT NULL,
  `peso` decimal(5,2) DEFAULT NULL,
  `comprimento` decimal(5,2) DEFAULT NULL,
  `largura` decimal(5,2) DEFAULT NULL,
  `altura` decimal(5,2) DEFAULT NULL,
  `valor_frete` decimal(10,2) DEFAULT NULL,
  PRIMARY KEY (`id`),
  KEY `id_pedido` (`id_pedido`),
  CONSTRAINT `calculo_frete_ibfk_1` FOREIGN KEY (`id_pedido`) REFERENCES `pedidos` (`id`) ON DELETE CASCADE
) ENGINE=InnoDB AUTO_INCREMENT=2 DEFAULT CHARSET=utf8mb4 COLLATE=utf8mb4_0900_ai_ci;
/*!40101 SET character_set_client = @saved_cs_client */;

--
-- Dumping data for table `calculo_frete`
--

LOCK TABLES `calculo_frete` WRITE;
/*!40000 ALTER TABLE `calculo_frete` DISABLE KEYS */;
/*!40000 ALTER TABLE `calculo_frete` ENABLE KEYS */;
UNLOCK TABLES;

--
-- Table structure for table `enderecos`
--

DROP TABLE IF EXISTS `enderecos`;
/*!40101 SET @saved_cs_client     = @@character_set_client */;
/*!50503 SET character_set_client = utf8mb4 */;
CREATE TABLE `enderecos` (
  `id` int NOT NULL AUTO_INCREMENT,
  `id_usuario` int NOT NULL,
  `endereco_completo` text NOT NULL,
  `cidade` varchar(100) DEFAULT NULL,
  `estado` varchar(50) DEFAULT NULL,
  `cep` varchar(10) DEFAULT NULL,
  PRIMARY KEY (`id`),
  KEY `id_usuario` (`id_usuario`),
  CONSTRAINT `enderecos_ibfk_1` FOREIGN KEY (`id_usuario`) REFERENCES `usuarios` (`id`) ON DELETE CASCADE
) ENGINE=InnoDB AUTO_INCREMENT=2 DEFAULT CHARSET=utf8mb4 COLLATE=utf8mb4_0900_ai_ci;
/*!40101 SET character_set_client = @saved_cs_client */;

--
-- Dumping data for table `enderecos`
--

LOCK TABLES `enderecos` WRITE;
/*!40000 ALTER TABLE `enderecos` DISABLE KEYS */;
/*!40000 ALTER TABLE `enderecos` ENABLE KEYS */;
UNLOCK TABLES;

--
-- Table structure for table `envios`
--

DROP TABLE IF EXISTS `envios`;
/*!40101 SET @saved_cs_client     = @@character_set_client */;
/*!50503 SET character_set_client = utf8mb4 */;
CREATE TABLE `envios` (
  `id` int NOT NULL AUTO_INCREMENT,
  `id_pedido` int NOT NULL,
  `codigo_rastreamento` varchar(50) DEFAULT NULL,
  `metodo_envio` varchar(50) DEFAULT NULL,
  `status_envio` varchar(50) DEFAULT NULL,
  `data_envio` datetime DEFAULT NULL,
  `data_entrega_prevista` date DEFAULT NULL,
  `data_entrega_real` date DEFAULT NULL,
  PRIMARY KEY (`id`),
  KEY `id_pedido` (`id_pedido`),
  CONSTRAINT `envios_ibfk_1` FOREIGN KEY (`id_pedido`) REFERENCES `pedidos` (`id`) ON DELETE CASCADE
) ENGINE=InnoDB AUTO_INCREMENT=2 DEFAULT CHARSET=utf8mb4 COLLATE=utf8mb4_0900_ai_ci;
/*!40101 SET character_set_client = @saved_cs_client */;

--
-- Dumping data for table `envios`
--

LOCK TABLES `envios` WRITE;
/*!40000 ALTER TABLE `envios` DISABLE KEYS */;
/*!40000 ALTER TABLE `envios` ENABLE KEYS */;
UNLOCK TABLES;

--
-- Table structure for table `imagens_produto`
--

DROP TABLE IF EXISTS `imagens_produto`;
/*!40101 SET @saved_cs_client     = @@character_set_client */;
/*!50503 SET character_set_client = utf8mb4 */;
CREATE TABLE `imagens_produto` (
  `id` int NOT NULL AUTO_INCREMENT,
  `id_produto` int DEFAULT NULL,
  `id_variacao` int DEFAULT NULL,
  `url` varchar(255) NOT NULL,
  PRIMARY KEY (`id`),
  KEY `id_produto` (`id_produto`),
  KEY `id_variacao` (`id_variacao`),
  CONSTRAINT `imagens_produto_ibfk_1` FOREIGN KEY (`id_produto`) REFERENCES `produtos` (`id`) ON DELETE CASCADE,
  CONSTRAINT `imagens_produto_ibfk_2` FOREIGN KEY (`id_variacao`) REFERENCES `variacoes_produto` (`id`) ON DELETE CASCADE
) ENGINE=InnoDB AUTO_INCREMENT=41 DEFAULT CHARSET=utf8mb4 COLLATE=utf8mb4_0900_ai_ci;
/*!40101 SET character_set_client = @saved_cs_client */;

--
-- Dumping data for table `imagens_produto`
--

LOCK TABLES `imagens_produto` WRITE;
/*!40000 ALTER TABLE `imagens_produto` DISABLE KEYS */;
INSERT INTO `imagens_produto` VALUES (9,3,5,'/images/sofa-moderno.jpg'),(10,4,6,'/images/cadeira-madeira.jpg'),(11,5,7,'/images/mesa-jantar.jpg'),(12,6,8,'/images/poltrona-reclinavel.jpg'),(13,7,9,'/images/estante-livros.jpg'),(14,8,10,'/images/guarda-roupa.jpg'),(15,9,11,'/images/cama-queen.jpg'),(16,10,12,'/images/rack-tv.jpg');
/*!40000 ALTER TABLE `imagens_produto` ENABLE KEYS */;
UNLOCK TABLES;

--
-- Table structure for table `itens_pedido`
--

DROP TABLE IF EXISTS `itens_pedido`;
/*!40101 SET @saved_cs_client     = @@character_set_client */;
/*!50503 SET character_set_client = utf8mb4 */;
CREATE TABLE `itens_pedido` (
  `id` int NOT NULL AUTO_INCREMENT,
  `id_pedido` int NOT NULL,
  `id_variacao_produto` int NOT NULL,
  `quantidade` int NOT NULL,
  `preco_unitario` decimal(10,2) NOT NULL,
  PRIMARY KEY (`id`),
  KEY `id_pedido` (`id_pedido`),
  KEY `id_variacao_produto` (`id_variacao_produto`),
  CONSTRAINT `itens_pedido_ibfk_1` FOREIGN KEY (`id_pedido`) REFERENCES `pedidos` (`id`) ON DELETE CASCADE,
  CONSTRAINT `itens_pedido_ibfk_2` FOREIGN KEY (`id_variacao_produto`) REFERENCES `variacoes_produto` (`id`) ON DELETE CASCADE
) ENGINE=InnoDB AUTO_INCREMENT=16 DEFAULT CHARSET=utf8mb4 COLLATE=utf8mb4_0900_ai_ci;
/*!40101 SET character_set_client = @saved_cs_client */;

--
-- Dumping data for table `itens_pedido`
--

LOCK TABLES `itens_pedido` WRITE;
/*!40000 ALTER TABLE `itens_pedido` DISABLE KEYS */;
/*!40000 ALTER TABLE `itens_pedido` ENABLE KEYS */;
UNLOCK TABLES;

--
-- Table structure for table `pedidos`
--

DROP TABLE IF EXISTS `pedidos`;
/*!40101 SET @saved_cs_client     = @@character_set_client */;
/*!50503 SET character_set_client = utf8mb4 */;
CREATE TABLE `pedidos` (
  `id` int NOT NULL AUTO_INCREMENT,
  `id_usuario` int NOT NULL,
  `status` enum('aguardando_pagamento','pago','enviado','entregue') DEFAULT 'aguardando_pagamento',
  `data_pedido` timestamp NULL DEFAULT CURRENT_TIMESTAMP,
  `data_envio` datetime DEFAULT NULL,
  `total` decimal(10,2) NOT NULL,
  PRIMARY KEY (`id`),
  KEY `id_usuario` (`id_usuario`),
  CONSTRAINT `pedidos_ibfk_1` FOREIGN KEY (`id_usuario`) REFERENCES `usuarios` (`id`) ON DELETE CASCADE
) ENGINE=InnoDB AUTO_INCREMENT=3 DEFAULT CHARSET=utf8mb4 COLLATE=utf8mb4_0900_ai_ci;
/*!40101 SET character_set_client = @saved_cs_client */;

--
-- Dumping data for table `pedidos`
--

LOCK TABLES `pedidos` WRITE;
/*!40000 ALTER TABLE `pedidos` DISABLE KEYS */;
/*!40000 ALTER TABLE `pedidos` ENABLE KEYS */;
UNLOCK TABLES;

--
-- Table structure for table `produtos`
--

DROP TABLE IF EXISTS `produtos`;
/*!40101 SET @saved_cs_client     = @@character_set_client */;
/*!50503 SET character_set_client = utf8mb4 */;
CREATE TABLE `produtos` (
  `id` int NOT NULL AUTO_INCREMENT,
  `nome` varchar(255) NOT NULL,
  `descricao` text,
  `categoria` varchar(50) NOT NULL,
  PRIMARY KEY (`id`)
) ENGINE=InnoDB AUTO_INCREMENT=17 DEFAULT CHARSET=utf8mb4 COLLATE=utf8mb4_0900_ai_ci;
/*!40101 SET character_set_client = @saved_cs_client */;

--
-- Dumping data for table `produtos`
--

LOCK TABLES `produtos` WRITE;
/*!40000 ALTER TABLE `produtos` DISABLE KEYS */;
INSERT INTO `produtos` VALUES (3,'Sofá Moderno','Um sofá confortável e elegante, ideal para sua sala de estar.','Sala de Estar'),(4,'Cadeira de Madeira','Cadeira rústica em madeira maciça, perfeita para ambientes clássicos.','Sala de Jantar'),(5,'Mesa de Jantar','Mesa espaçosa para até 6 pessoas, feita em madeira nobre.','Sala de Jantar'),(6,'Poltrona Reclinável','Poltrona confortável com ajuste reclinável, ideal para leitura.','Quarto , Sala de Estar'),(7,'Estante de Livros','Estante com prateleiras ajustáveis para organizar seus livros.','Escritório'),(8,'Guarda-Roupa 3 Portas','Guarda-roupa espaçoso com portas de correr, acabamento moderno.','Quarto'),(9,'Cama Queen Size','Cama confortável e robusta para colchões queen size.','Quarto'),(10,'Rack para TV','Rack elegante para TV de até 65 polegadas, com espaço para eletrônicos.','Sala de Estar');
/*!40000 ALTER TABLE `produtos` ENABLE KEYS */;
UNLOCK TABLES;

--
-- Table structure for table `usuarios`
--

DROP TABLE IF EXISTS `usuarios`;
/*!40101 SET @saved_cs_client     = @@character_set_client */;
/*!50503 SET character_set_client = utf8mb4 */;
CREATE TABLE `usuarios` (
  `id` int NOT NULL AUTO_INCREMENT,
  `nome` varchar(255) NOT NULL,
  `email` varchar(255) NOT NULL,
  `senha` varchar(255) NOT NULL,
  `tipo` enum('cliente','admin') DEFAULT 'cliente',
  `telefone` varchar(20) DEFAULT NULL,
  `data_criacao` timestamp NULL DEFAULT CURRENT_TIMESTAMP,
  PRIMARY KEY (`id`),
  UNIQUE KEY `email` (`email`)
) ENGINE=InnoDB AUTO_INCREMENT=5 DEFAULT CHARSET=utf8mb4 COLLATE=utf8mb4_0900_ai_ci;
/*!40101 SET character_set_client = @saved_cs_client */;

--
-- Dumping data for table `usuarios`
--

LOCK TABLES `usuarios` WRITE;
/*!40000 ALTER TABLE `usuarios` DISABLE KEYS */;
/*!40000 ALTER TABLE `usuarios` ENABLE KEYS */;
UNLOCK TABLES;

--
-- Table structure for table `variacoes_produto`
--

DROP TABLE IF EXISTS `variacoes_produto`;
/*!40101 SET @saved_cs_client     = @@character_set_client */;
/*!50503 SET character_set_client = utf8mb4 */;
CREATE TABLE `variacoes_produto` (
  `id` int NOT NULL AUTO_INCREMENT,
  `id_produto` int NOT NULL,
  `cor` varchar(50) DEFAULT NULL,
  `tamanho` varchar(20) NOT NULL,
  `material` varchar(100) NOT NULL,
  `preco` decimal(10,2) NOT NULL,
  `estoque` int NOT NULL,
  PRIMARY KEY (`id`),
  KEY `id_produto` (`id_produto`),
  CONSTRAINT `variacoes_produto_ibfk_1` FOREIGN KEY (`id_produto`) REFERENCES `produtos` (`id`) ON DELETE CASCADE
) ENGINE=InnoDB AUTO_INCREMENT=24 DEFAULT CHARSET=utf8mb4 COLLATE=utf8mb4_0900_ai_ci;
/*!40101 SET character_set_client = @saved_cs_client */;

--
-- Dumping data for table `variacoes_produto`
--

LOCK TABLES `variacoes_produto` WRITE;
/*!40000 ALTER TABLE `variacoes_produto` DISABLE KEYS */;
INSERT INTO `variacoes_produto` VALUES (5,3,'Azul','Grande','Tecido',2999.99,10),(6,4,'Marrom','Médio','Madeira Maciça',499.99,15),(7,5,'Natural','Grande','Madeira Nobre',1599.99,5),(8,6,'Bege','Médio','Tecido',1299.99,8),(9,7,'Branco','Grande','Madeira',899.99,12),(10,8,'Branco','Grande','Madeira',2499.99,6),(11,9,'Branco','Grande','Madeira',2199.99,7),(12,10,'Marrom','Grande','Madeira',799.99,20);
/*!40000 ALTER TABLE `variacoes_produto` ENABLE KEYS */;
UNLOCK TABLES;
/*!40103 SET TIME_ZONE=@OLD_TIME_ZONE */;

/*!40101 SET SQL_MODE=@OLD_SQL_MODE */;
/*!40014 SET FOREIGN_KEY_CHECKS=@OLD_FOREIGN_KEY_CHECKS */;
/*!40014 SET UNIQUE_CHECKS=@OLD_UNIQUE_CHECKS */;
/*!40101 SET CHARACTER_SET_CLIENT=@OLD_CHARACTER_SET_CLIENT */;
/*!40101 SET CHARACTER_SET_RESULTS=@OLD_CHARACTER_SET_RESULTS */;
/*!40101 SET COLLATION_CONNECTION=@OLD_COLLATION_CONNECTION */;
/*!40111 SET SQL_NOTES=@OLD_SQL_NOTES */;

-- Dump completed on 2025-02-24 19:08:28
